{
  "version": "1.1.1",
  "windows": {
    "main": {
      "main": true,
      "url": "app://editor/index.html",
      "windowType": "dockable",
      "x": -8,
      "y": -8,
      "width": 1552,
      "height": 840,
      "layout": {
        "children": [
          {
            "children": [
              {
                "active": 0,
                "children": [
                  "hierarchy"
                ],
                "height": 362.6000061035156,
                "type": "panel",
                "width": 247.90000915527344
              },
              {
                "active": 0,
                "children": [
                  "assets"
                ],
                "height": 358.5874938964844,
                "type": "panel",
                "width": 247.90000915527344
              }
            ],
            "height": 723.2000122070312,
            "type": "dock-v",
            "width": 247.90000915527344
          },
          {
            "children": [
              {
                "children": [
                  {
                    "active": 0,
                    "children": [
                      "scene"
                    ],
                    "height": 362.6000061035156,
                    "type": "panel",
                    "width": 592.7625122070312
                  },
                  {
                    "active": 0,
                    "children": [
                      "node-library"
                    ],
                    "height": 362.6000061035156,
                    "type": "panel",
                    "width": 321.875
                  }
                ],
                "height": 362.6000061035156,
                "type": "dock-h",
                "width": 916.6375122070312
              },
              {
                "active": 1,
                "children": [
                  "console",
                  "timeline"
                ],
                "height": 358.5874938964844,
                "type": "panel",
                "width": 916.6375122070312
              }
            ],
            "height": 723.2000122070312,
            "type": "dock-v",
            "width": 916.6375122070312
          },
          {
            "active": 0,
            "children": [
              "inspector",
              "cocos-services"
            ],
            "height": 723.2000122070312,
            "type": "panel",
            "width": 369.8500061035156
          }
        ],
        "type": "dock-h"
      },
      "panels": [
        "hierarchy",
        "assets",
        "node-library",
        "console",
        "timeline",
        "inspector",
        "cocos-services",
        "scene"
      ]
    }
  },
  "panels": {}
}