{
  "f8e6b000-5643-4b86-9080-aa680ce1f599": {
    "asset": 1553324544540,
    "meta": 1552197698000,
    "relativePath": "image"
  },
  "71561142-4c83-4933-afca-cb7a17f67053": {
    "asset": 1552197698000,
    "meta": 1555383436241,
    "relativePath": "image\\default_btn_disabled.png"
  },
  "e851e89b-faa2-4484-bea6-5c01dd9f06e2": {
    "asset": 1552197698000,
    "meta": 1555383436221,
    "relativePath": "image\\default_btn_normal.png"
  },
  "b43ff3c2-02bb-4874-81f7-f2dea6970f18": {
    "asset": 1552197698000,
    "meta": 1555383436314,
    "relativePath": "image\\default_btn_pressed.png"
  },
  "edd215b9-2796-4a05-aaf5-81f96c9281ce": {
    "asset": 1552197698000,
    "meta": 1555383436332,
    "relativePath": "image\\default_editbox_bg.png"
  },
  "d81ec8ad-247c-4e62-aa3c-d35c4193c7af": {
    "asset": 1552197698000,
    "meta": 1555383436391,
    "relativePath": "image\\default_panel.png"
  },
  "99170b0b-d210-46f1-b213-7d9e3f23098a": {
    "asset": 1552197698000,
    "meta": 1555383436410,
    "relativePath": "image\\default_progressbar_bg.png"
  },
  "cfef78f1-c8df-49b7-8ed0-4c953ace2621": {
    "asset": 1552197698000,
    "meta": 1555383436477,
    "relativePath": "image\\default_progressbar.png"
  },
  "567dcd80-8bf4-4535-8a5a-313f1caf078a": {
    "asset": 1552197698000,
    "meta": 1555383436464,
    "relativePath": "image\\default_radio_button_off.png"
  },
  "9d60001f-b5f4-4726-a629-2659e3ded0b8": {
    "asset": 1552197698000,
    "meta": 1555383436540,
    "relativePath": "image\\default_radio_button_on.png"
  },
  "4bab67cb-18e6-4099-b840-355f0473f890": {
    "asset": 1552197698000,
    "meta": 1555383436523,
    "relativePath": "image\\default_scrollbar_bg.png"
  },
  "617323dd-11f4-4dd3-8eec-0caf6b3b45b9": {
    "asset": 1552197698000,
    "meta": 1555383436602,
    "relativePath": "image\\default_scrollbar_vertical_bg.png"
  },
  "d6d3ca85-4681-47c1-b5dd-d036a9d39ea2": {
    "asset": 1552197698000,
    "meta": 1555383436609,
    "relativePath": "image\\default_scrollbar_vertical.png"
  },
  "0275e94c-56a7-410f-bd1a-fc7483f7d14a": {
    "asset": 1552197698000,
    "meta": 1555383436664,
    "relativePath": "image\\default_sprite_splash.png"
  },
  "0291c134-b3da-4098-b7b5-e397edbe947f": {
    "asset": 1552197698000,
    "meta": 1555383436675,
    "relativePath": "image\\default_scrollbar.png"
  },
  "6e056173-d285-473c-b206-40a7fff5386e": {
    "asset": 1552197698000,
    "meta": 1555383436737,
    "relativePath": "image\\default_sprite.png"
  },
  "73a0903d-d80e-4e3c-aa67-f999543c08f5": {
    "asset": 1552197698000,
    "meta": 1555383436744,
    "relativePath": "image\\default_toggle_checkmark.png"
  },
  "c25b9d50-c8fc-4d27-beeb-6e7c1f2e5c0f": {
    "asset": 1552197698000,
    "meta": 1555383436784,
    "relativePath": "image\\default_toggle_disabled.png"
  },
  "d29077ba-1627-4a72-9579-7b56a235340c": {
    "asset": 1552197698000,
    "meta": 1555383436780,
    "relativePath": "image\\default_toggle_normal.png"
  },
  "fc09f9bd-2cce-4605-b630-8145ef809ed6": {
    "asset": 1553324492078,
    "meta": 1552197698000,
    "relativePath": "misc"
  },
  "2be36297-9abb-4fee-8049-9ed5e271da8a": {
    "asset": 1552197698000,
    "meta": 1555383436844,
    "relativePath": "misc\\default_video.mp4"
  },
  "f6e6dd15-71d1-4ffe-ace7-24fd39942c05": {
    "asset": 1553324544867,
    "meta": 1552197698000,
    "relativePath": "obsolete"
  },
  "b181c1e4-0a72-4a91-bfb0-ae6f36ca60bd": {
    "asset": 1552197698000,
    "meta": 1555383436834,
    "relativePath": "image\\default_toggle_pressed.png"
  },
  "f743d2b6-b7ea-4c14-a55b-547ed4d0a045": {
    "asset": 1553324544879,
    "meta": 1552197698000,
    "relativePath": "particle"
  },
  "b8223619-7e38-47c4-841f-9160c232495a": {
    "asset": 1552197698000,
    "meta": 1555383437137,
    "relativePath": "obsolete\\atom.plist"
  },
  "b2687ac4-099e-403c-a192-ff477686f4f5": {
    "asset": 1552197698000,
    "meta": 1555383437141,
    "relativePath": "particle\\atom.plist"
  },
  "8a96b965-2dc0-4e03-aa90-3b79cb93b5b4": {
    "asset": 1552197698000,
    "meta": 1555383436874,
    "relativePath": "obsolete\\atom.png"
  },
  "d0a82d39-bede-46c4-b698-c81ff0dedfff": {
    "asset": 1552197698000,
    "meta": 1555383436883,
    "relativePath": "particle\\atom.png"
  },
  "ae6c6c98-11e4-452f-8758-75f5c6a56e83": {
    "asset": 1553324544554,
    "meta": 1552197698000,
    "relativePath": "prefab"
  },
  "2c937608-2562-40ea-b264-7395df6f0cea": {
    "asset": 1552197698000,
    "meta": 1555383436902,
    "relativePath": "prefab\\canvas.prefab"
  },
  "972b9a4d-47ee-4c74-b5c3-61d8a69bc29f": {
    "asset": 1552197698000,
    "meta": 1555383436899,
    "relativePath": "prefab\\button.prefab"
  },
  "61aeb05b-3b32-452b-8eed-2b76deeed554": {
    "asset": 1552197698000,
    "meta": 1555383436918,
    "relativePath": "prefab\\editbox.prefab"
  },
  "27756ebb-3d33-44b0-9b96-e858fadd4dd4": {
    "asset": 1552197698000,
    "meta": 1555383436911,
    "relativePath": "prefab\\label.prefab"
  },
  "785a442c-3ceb-45be-a46e-7317f625f3b9": {
    "asset": 1552197698000,
    "meta": 1555383436927,
    "relativePath": "prefab\\layout.prefab"
  },
  "ca8401fe-ad6e-41a8-bd46-8e3e4e9945be": {
    "asset": 1552197698000,
    "meta": 1555383436934,
    "relativePath": "prefab\\pageview.prefab"
  },
  "cd33edea-55f5-46c2-958d-357a01384a36": {
    "asset": 1552197698000,
    "meta": 1555383436942,
    "relativePath": "prefab\\particlesystem.prefab"
  },
  "5965ffac-69da-4b55-bcde-9225d0613c28": {
    "asset": 1552197698000,
    "meta": 1555383436949,
    "relativePath": "prefab\\progressBar.prefab"
  },
  "4a37dd57-78cd-4cec-aad4-f11a73d12b63": {
    "asset": 1552197698000,
    "meta": 1555383436958,
    "relativePath": "prefab\\richtext.prefab"
  },
  "32044bd2-481f-4cf1-a656-e2b2fb1594eb": {
    "asset": 1552197698000,
    "meta": 1555383436969,
    "relativePath": "prefab\\scrollview.prefab"
  },
  "0004d1cf-a0ad-47d8-ab17-34d3db9d35a3": {
    "asset": 1552197698000,
    "meta": 1555383436977,
    "relativePath": "prefab\\slider.prefab"
  },
  "1f55e3be-b89b-4b79-88de-47fd31018044": {
    "asset": 1552197698000,
    "meta": 1555383436985,
    "relativePath": "prefab\\sprite_splash.prefab"
  },
  "7de03a80-4457-438d-95a7-3e7cdffd6086": {
    "asset": 1552197698000,
    "meta": 1555383437007,
    "relativePath": "prefab\\tiledmap.prefab"
  },
  "96083d03-c332-4a3f-9386-d03e2d19e8ee": {
    "asset": 1552197698000,
    "meta": 1555383436993,
    "relativePath": "prefab\\sprite.prefab"
  },
  "0e42ba95-1fa1-46aa-b2cf-143cd1bcee2c": {
    "asset": 1552197698000,
    "meta": 1555383437016,
    "relativePath": "prefab\\tiledtile.prefab"
  },
  "0d784963-d024-4ea6-a7db-03be0ad63010": {
    "asset": 1552197698000,
    "meta": 1555383437026,
    "relativePath": "prefab\\toggle.prefab"
  },
  "bf0a434c-84dd-4a8e-a08a-7a36f180cc75": {
    "asset": 1552197698000,
    "meta": 1555383437035,
    "relativePath": "prefab\\toggleContainer.prefab"
  },
  "d1b8be49-b0a0-435c-83b7-552bed4bbe35": {
    "asset": 1552197698000,
    "meta": 1555383437045,
    "relativePath": "prefab\\toggleGroup.prefab"
  },
  "232d2782-c4bd-4bb4-9e01-909f03d6d3b9": {
    "asset": 1552197698000,
    "meta": 1555383437054,
    "relativePath": "prefab\\videoplayer.prefab"
  },
  "8c5001fd-07ee-4a4b-a8a0-63e15195e94d": {
    "asset": 1552197698000,
    "meta": 1555383437065,
    "relativePath": "prefab\\webview.prefab"
  },
  "fcf0f604-8831-4f7b-8d7c-e968cd122b84": {
    "asset": 1555032245654,
    "meta": 1554700040444,
    "relativePath": "texture"
  },
  "5f348cbd-f304-495b-915a-fe9eade44b79": {
    "asset": 1555038794872,
    "meta": 1554700050941,
    "relativePath": "script"
  },
  "427ef652-cb6b-4183-8a7c-4529692008e3": {
    "asset": 1555164150732,
    "meta": 1555164150778,
    "relativePath": "rand.fire"
  },
  "b256bc82-dfb9-4e6c-970c-ed3e63f78f6b": {
    "asset": 1554700321452,
    "meta": 1554700466743,
    "relativePath": "texture\\zuo.jpg"
  },
  "c791e70f-1250-4da1-8f3d-e2a7e549fb38": {
    "asset": 1554700454020,
    "meta": 1554700466746,
    "relativePath": "texture\\you.jpg"
  },
  "267bfa50-edda-4fb3-b683-223b1cd53671": {
    "asset": 1555035331712,
    "meta": 1555035331719,
    "relativePath": "zuo.prefab"
  },
  "45e18f69-3977-4fed-aeb3-7bd15cf6b7bb": {
    "asset": 1555035326312,
    "meta": 1555035326340,
    "relativePath": "you.prefab"
  },
  "3eb775aa-f8d8-4cea-b191-ee1eaf8a0830": {
    "asset": 1536996512184,
    "meta": 1554780455437,
    "relativePath": "texture\\segoepr.ttf"
  },
  "867654e3-360c-4172-a5ac-46248587c970": {
    "asset": 1536996518122,
    "meta": 1554780455442,
    "relativePath": "texture\\segoeprb.ttf"
  },
  "ce6c61be-1951-4e9d-9bed-283e6129b4fa": {
    "asset": 1554812392372,
    "meta": 1554812440432,
    "relativePath": "script\\Touch.js"
  },
  "7f3aad83-ee2a-46a7-b8a5-e7006948ee88": {
    "asset": 1555032136509,
    "meta": 1555032246802,
    "relativePath": "texture\\background.png"
  },
  "d4524ecd-10c8-4d0c-930d-1c476c5417ea": {
    "asset": 1555035800004,
    "meta": 1555035804814,
    "relativePath": "script\\zuo.js"
  },
  "05a1d29a-743c-419b-a096-e198ad290bd5": {
    "asset": 1555038794867,
    "meta": 1555038796151,
    "relativePath": "script\\game.js"
  },
  "26f94449-55c6-40c9-86fc-344ed145ef0d": {
    "asset": 1555400383522,
    "meta": 1555400386890,
    "relativePath": "script\\you.js"
  }
}